title,date,length,description,url
Being Mortal,"Feb. 10, 2015",54:11,Renowned writer and surgeon Atul Gawande explores the relationships doctors have with patients who are nearing the end of life.,http://www.pbs.org/wgbh/pages/frontline/being-mortal/
Putin's Way,"Jan. 13, 2015",54:10,FRONTLINE investigates the accusations of criminality and corruption that have surrounded Vladimir Putin’s reign in Russia.,http://www.pbs.org/wgbh/pages/frontline/putins-way/
Gunned Down: The Power of the NRA,"Jan. 6, 2015",54:10,FRONTLINE investigates the politics and the power of the NRA.,http://www.pbs.org/wgbh/pages/frontline/gunned-down/
Stickup Kid,"Dec. 17, 2014",28:18,What happens when we lock up juvenile offenders in adult prisons? A FRONTLINE digital-exclusive film.,http://www.pbs.org/wgbh/pages/frontline/stickup-kid/
Firestone and the Warlord,"Nov. 18, 2014",1:23:40,FRONTLINE and ProPublica investigate the secret history of Firestone in Liberia.,http://www.pbs.org/wgbh/pages/frontline/firestone-and-the-warlord/
The Rise of ISIS,"Oct. 28, 2014",53:41,FRONTLINE reports from Iraq on the miscalculations and mistakes behind the brutal rise of ISIS.,http://www.pbs.org/wgbh/pages/frontline/rise-of-isis/
The Trouble with Antibiotics,"Oct. 14, 2014",53:41,FRONTLINE investigates the growing crisis of antibiotic resistance.,http://www.pbs.org/wgbh/pages/frontline/trouble-with-antibiotics/
Ebola Outbreak,"Sep. 9, 2014",27:26,FRONTLINE reports from inside the deadliest Ebola outbreak on record.,http://www.pbs.org/wgbh/pages/frontline/ebola-outbreak/
Hunting Boko Haram,"Sep. 9, 2014",25:01,"FRONTLINE investigates the Nigerian government's effort to ""Bring Back Our Girls"" and bring down Boko Haram.",http://www.pbs.org/wgbh/pages/frontline/hunting-boko-haram/
Losing Iraq,"Jul. 29, 2014",1:24:10,FRONTLINE examines the unfolding chaos in Iraq and how the U.S. is being pulled back into the conflict.,http://www.pbs.org/wgbh/pages/frontline/losing-iraq/
Separate and Unequal,"Jul. 15, 2014",27:14,FRONTLINE examines what’s behind the growing racial divide in American schools,http://www.pbs.org/wgbh/pages/frontline/separate-and-unequal/
Omarina's Story,"Jul. 15, 2014",23:07,FRONTLINE continues to examine of a groundbreaking effort to stem the dropout crisis in America’s high-poverty schools.,http://www.pbs.org/wgbh/pages/frontline/omarinas-story/
Syria: Arming the Rebels,"May. 27, 2014",18:10,FRONTLINE finds Syrian rebel fighters who say they’re being secretly armed and trained by the United States.,http://www.pbs.org/wgbh/pages/frontline/syria-arming-the-rebels/
The Battle for Ukraine,"May. 27, 2014",32:04,FRONTLINE goes inside Ukraine as right-wing nationalists and violent pro-Russian separatists vie for control of the country.,http://www.pbs.org/wgbh/pages/frontline/battle-for-ukraine/
United States of Secrets,"May. 13, 2014",1:54:11,How did the government come to spy on millions of Americans?,http://www.pbs.org/wgbh/pages/frontline/united-states-of-secrets/
Prison State,"Apr. 29, 2014",1:23:40,An intimate look at the cycle of mass incarceration in America.,http://www.pbs.org/wgbh/pages/frontline/locked-up-in-america/
Solitary Nation,"Apr. 22, 2014",53:40,"This April, FRONTLINE presents two raw, explosive films that explore America’s fixation on incarceration.",http://www.pbs.org/wgbh/pages/frontline/locked-up-in-america/
TB Silent Killer,"Mar. 25, 2014",1:23:41,An unforgettable portrait of lives forever changed by tuberculosis — once thought to be a disease of the past.,http://www.pbs.org/wgbh/pages/frontline/tb-silent-killer/
Secrets of the Vatican,"Feb. 25, 2014",1:23:41,An inside look at the scandals that rocked Benedict’s Papacy.,http://www.pbs.org/wgbh/pages/frontline/secrets-of-the-vatican/
Generation Like,"Feb. 18, 2014",53:41,What happens when the perennial teenage quest for identity is exposed on social media?,http://www.pbs.org/wgbh/pages/frontline/generation-like/
Syria's Second Front,"Feb. 11, 2014",21:21,"Three years in to Syria's war, a new enemy has emerged: factions aligned with Al Qaeda.",http://www.pbs.org/wgbh/pages/frontline/syrias-second-front/
Secret State of North Korea,"Jan. 14, 2014",53:41,"Using undercover footage, FRONTLINE explores life under Kim Jong-un.",http://www.pbs.org/wgbh/pages/frontline/secret-state-of-north-korea/
To Catch a Trader,"Jan. 7, 2014",52:42,"Inside the dramatic, unprecedented hunt that uncovered vast insider trading at Wall Street hedge funds.",http://www.pbs.org/wgbh/pages/frontline/to-catch-a-trader/
A Death in St. Augustine,"Nov. 26, 2013",53:39,What happens when the police are faced with domestic violence allegations within their own ranks?,http://www.pbs.org/wgbh/pages/frontline/death-in-st-augustine/
Who Was Lee Harvey Oswald?,"Nov. 19, 2013",1:53:34,An investigative biography examining the life and enduring mysteries of the man who assassinated President Kennedy.,http://www.pbs.org/wgbh/pages/frontline/oswald/
Hunting the Nightmare Bacteria,"Oct. 22, 2013",53:41,FRONTLINE investigates the rise of deadly drug-resistant bacteria.,http://www.pbs.org/wgbh/pages/frontline/hunting-the-nightmare-bacteria/
League of Denial: The NFL's Concussion Crisis,"Oct. 8, 2013",1:53:41,FRONTLINE reveals the hidden story of the NFL and brain injuries.,http://www.pbs.org/wgbh/pages/frontline/league-of-denial/
Egypt in Crisis,"Sep. 17, 2013",53:41,FRONTLINE examines the rise and rapid fall of Egypt’s Muslim Brotherhood.,http://www.pbs.org/wgbh/pages/frontline/egypt-in-crisis/
Life and Death in Assisted Living,"Jul. 30, 2013",53:36,FRONTLINE and ProPublica investigate assisted living in America.,http://www.pbs.org/wgbh/pages/frontline/life-and-death-in-assisted-living/
Two American Families,"Jul. 9, 2013",1:23:46,"Bill Moyers chronicles two ordinary families -- one black, one white -- for two decades.",http://www.pbs.org/wgbh/pages/frontline/two-american-families/
Rape in the Fields,"Jun. 25, 2013",53:38,Lowell Bergman investigates the hidden reality of rape on the job in America.,http://www.pbs.org/wgbh/pages/frontline/rape-in-the-fields/
Outlawed in Pakistan,"May. 28, 2013",53:39,The story of a girl in Pakistan whose life is at risk for daring to allege rape.,http://www.pbs.org/wgbh/pages/frontline/outlawed-in-pakistan/
Never Forget to Lie,"May. 14, 2013",53:32,Filmmaker Marian Marzynski explores his own wartime childhood and the experiences of other child survivors of the Holocaust.,http://www.pbs.org/wgbh/pages/frontline/never-forget-to-lie/
The Retirement Gamble,"Apr. 23, 2013",53:37,Will your IRA or 401K accounts ensure a safe retirement?,http://www.pbs.org/wgbh/pages/frontline/retirement-gamble/
Syria Behind the Lines,"Apr. 9, 2013",53:51,An unprecedented film documents the everyday life of both Syria’s rebels and its regime.,http://www.pbs.org/wgbh/pages/frontline/syria-behind-the-lines/
Kind Hearted Woman,"Apr. 1, 2013",1:53:55,The intimate story of a single mother desperately trying to heal following years of abuse.,http://www.pbs.org/wgbh/pages/frontline/kind-hearted-woman/
Raising Adam Lanza,"Feb. 19, 2013",32:10,"In the wake of the mass killings at Sandy Hook, FRONTLINE looks for answers to the elusive question: who was Adam Lanza?",http://www.pbs.org/wgbh/pages/frontline/raising-adam-lanza/
Newtown Divided,"Feb. 19, 2013",18:25,"In the aftermath of the Sandy Hook tragedy, FRONTLINE examines how the nation's gun debate is playing out in Newtown.",http://www.pbs.org/wgbh/pages/frontline/newtown-divided/
Cliffhanger,"Feb. 12, 2013",53:42,FRONTLINE investigates the inside history of how Washington has failed to solve the country’s problems of debt and deficit.,http://www.pbs.org/wgbh/pages/frontline/cliffhanger/
The Untouchables,"Jan. 22, 2013",53:36,FRONTLINE examines why no Wall St. execs have faced fraud charges for the financial crisis,http://www.pbs.org/wgbh/pages/frontline/untouchables/
Inside Obama's Presidency,"Jan. 15, 2013",53:39,FRONTLINE takes a probing look at the first four years of Barack Obama's presidency.,http://www.pbs.org/wgbh/pages/frontline/inside-obamas-presidency/
The Education of Michelle Rhee,"Jan. 8, 2013",53:37,FRONTLINE examines the legacy of one of America's most controversial school reformers.,http://www.pbs.org/wgbh/pages/frontline/education-of-michelle-rhee/
Poor Kids,"Nov. 20, 2012",53:39,FRONTLINE explores what poverty means to children and to the country’s future.,http://www.pbs.org/wgbh/pages/frontline/poor-kids/
The Suicide Plan,"Nov. 13, 2012",1:23:00,An unforgettable portrait takes viewers inside one of the most polarizing social issues of our time,http://www.pbs.org/wgbh/pages/frontline/suicide-plan/
"Big Sky, Big Money","Oct. 30, 2012",53:44,How has the Supreme Court’s Citizens United decision changed campaigns in America?,http://www.pbs.org/wgbh/pages/frontline/big-sky-big-money/
Climate of Doubt,"Oct. 23, 2012",53:46,"Coming Oct 23, FRONTLINE explores the massive shift in public opinion on climate change.",http://www.pbs.org/wgbh/pages/frontline/climate-of-doubt/
The Choice 2012,"Oct. 9, 2012",1:48:16,"A journey into the places, people and decisive moments that made the men who are competing for the presidency.",http://www.pbs.org/wgbh/pages/frontline/choice-2012/
Dropout Nation,"Sep. 25, 2012",1:53:17,"An unforgettable portrait of four students in crisis and the adults waging a daily, personal struggle to get them to graduation.",http://www.pbs.org/wgbh/pages/frontline/dropout-nation/
The Battle for Syria,"Sep. 18, 2012",50:01,FRONTLINE travels to Syria where rebel groups are taking on the forces of President Assad.,http://www.pbs.org/wgbh/pages/frontline/battle-for-syria/
Alaska Gold,"Jul. 24, 2012",53:42,"Inside a growing battle in Bristol Bay, Alaska, home to the last great wild sockeye salmon fishery–and enormous mineral deposits.",http://www.pbs.org/wgbh/pages/frontline/alaska-gold/
Fast Times at West Philly High,"Jul. 17, 2012",36:15,Students and teachers from West Philadelphia High School defy expectations as they design and build two super-hybrid cars.,http://www.pbs.org/wgbh/pages/frontline/fast-times-at-west-philly-high/
Middle School Moment,"Jul. 17, 2012",13:34,How one Bronx school is using a novel form of data collection and analysis to predict and prevent dropouts before they happen.,http://www.pbs.org/wgbh/pages/frontline/education/dropout-nation/middle-school-moment/
ENDGAME: AIDS in Black America,"Jul. 10, 2012",1:49:56,"A groundbreaking two-hour exploration of one of the country's most urgent, preventable health crises.",http://www.pbs.org/wgbh/pages/frontline/endgame-aids-in-black-america/
Dollars and Dentists,"Jun. 26, 2012",53:40,FRONTLINE and the Center for Public Integrity investigate the flaws in our dental system and nascent proposals to fix them.,http://www.pbs.org/wgbh/pages/frontline/dollars-and-dentists/
Al Qaeda In Yemen,"May. 29, 2012",30:00,Award-winning reporter Ghaith Abdul-Ahad travels deep into Yemen's radical heartland,http://www.pbs.org/wgbh/pages/frontline/al-qaeda-in-yemen/
Cell Tower Deaths,"May. 22, 2012",32:32,FRONTLINE and ProPublica investigate the causes of cell tower deaths.,http://www.pbs.org/wgbh/pages/frontline/cell-tower-deaths/
Six Billion Dollar Bet,"May. 22, 2012",21:06,FRONTLINE investigates MF Global's massive bet on European debt that went sour.,http://www.pbs.org/wgbh/pages/frontline/mf-global-six-billion-dollar-bet/
"Money, Power and Wall Street","Apr. 24, 2012",3:47:25,"In a special investigation, FRONTLINE goes inside the struggles to rescue and repair a shattered economy",http://www.pbs.org/wgbh/pages/frontline/money-power-wall-street/
The Real CSI,"Apr. 17, 2012",53:39,How reliable is the science behind forensics? FRONTLINE finds serious flaws in some of the best-known tools of forensic science.,http://www.pbs.org/wgbh/pages/frontline/real-csi/
Murdoch's Scandal,"Mar. 27, 2012",53:36,"FRONTLINE tells the story of the struggle over the future of News Corporation, Rupert Murdoch's reputation and family's fortunes.",http://www.pbs.org/wgbh/pages/frontline/murdochs-scandal/
Inside Japan's Nuclear Meltdown,"Feb. 28, 2012",54:40,An unprecedented account of the crisis inside the Fukushima Daiichi nuclear complex after the devastating earthquake and tsunami.,http://www.pbs.org/wgbh/pages/frontline/japans-nuclear-meltdown/
The Interrupters,"Feb. 14, 2012",1:54:36,An intimate journey across the violent landscape of our cities through the eyes of those fighting to sow peace and security.,http://www.pbs.org/wgbh/pages/frontline/interrupters/
Nuclear Aftershocks,"Jan. 17, 2012",53:37,FRONTLINE examines the implications of the Fukushima accident for U.S. nuclear safety.,http://www.pbs.org/wgbh/pages/frontline/nuclear-aftershocks/
Opium Brides,"Jan. 3, 2012",32:46,Najibullah Quraishi reports on the harrowing story of the collateral damage of the counter-narcotics effort in Afghanistan.,http://www.pbs.org/wgbh/pages/frontline/opium-brides/
The Secret War,"Jan. 3, 2012",17:18,Inside the deepest front in America's war against Al Qaeda and the Taliban: Pakistan,http://www.pbs.org/wgbh/pages/frontline/secret-war/
A Perfect Terrorist,"Nov. 22, 2011",53:40,Investigating David Headley’s rise from heroin dealer and U.S. government informant to plotter of the 2008 Mumbai attacks.,http://www.pbs.org/wgbh/pages/frontline/david-headley/
Syria Undercover,"Nov. 8, 2011",31:03,"A rare look at the uprising from inside Syria, plus a profile of the dictator who has held on longest amidst the Arab unrest",http://www.pbs.org/wgbh/pages/frontline/syria-undercover/
Lost in Detention,"Oct. 18, 2011",53:40,FRONTLINE and the Investigative Reporting Workshop investigate the Obama administration's get-tough immigration policy.,http://www.pbs.org/wgbh/pages/frontline/lost-in-detention/
The Anthrax Files,"Oct. 11, 2011",53:41,"FRONTLINE, ProPublica and McClatchy Newspapers investigate the country's most notorious act of bioterrorism",http://www.pbs.org/wgbh/pages/frontline/anthrax-files/
The Man Behind the Mosque,"Sep. 27, 2011",36:34,The inside story of the most controversial building in America.,http://www.pbs.org/wgbh/pages/frontline/man-behind-mosque/
An Optimist In Haiti,"Sep. 27, 2011",13:22,Adam Davidson returns to Haiti to meet a man with an unlikely plan to help turn around his country’s economy through tourism.,http://www.pbs.org/wgbh/pages/frontline/optimist-in-haiti/
The Interrogator,"Sep. 13, 2011",28:24,"An extended conversation with Ali Soufan, the FBI agent who was at the center of the 9/11 investigations",http://www.pbs.org/wgbh/pages/frontline/the-interrogator/
Top Secret America,"Sep. 6, 2011",1:47:27,FRONTLINE investigates the journey from 9/11 to the Marathon bombings & the secret history of America's battle against terrorism.,http://www.pbs.org/wgbh/pages/frontline/topsecretamerica/
Doctor Hotspot ,"Jul. 26, 2011",13:01,The story of a New Jersey doctor who seeks out his community's sickest -- and most expensive -- patients.,http://www.pbs.org/wgbh/pages/frontline/doctor-hotspot/
The Pot Republic,"Jul. 26, 2011",24:27,"Inside the country's oldest, largest and most wide-open marijuana market -- California",http://www.pbs.org/wgbh/pages/frontline/the-pot-republic/
The Atomic Artists,"Jul. 26, 2011",12:03,How one group of artists is challenging Japan's unusually strong faith in nuclear power,http://www.pbs.org/wgbh/pages/frontline/the-atomic-artists/
The Child Cases,"Jun. 28, 2011",32:14,What happens when a child dies under suspicious circumstances?,http://www.pbs.org/wgbh/pages/frontline/the-child-cases/
Educating Sergeant Pantzke ,"Jun. 28, 2011",17:59,For-profit college promise veterans a high quality degree -- but do they deliver?,http://www.pbs.org/wgbh/pages/frontline/educating-sergeant-pantzke/
WikiSecrets,"May. 24, 2011",53:35,"The inside story of Julian Assange, Bradley Manning and the biggest intelligence breach in U.S. history.",http://www.pbs.org/wgbh/pages/frontline/wikileaks/
Kill/Capture,"May. 10, 2011",53:39,"Beyond bin Laden, inside the military's extraordinary, secret campaign to take out thousands of Taliban and Al Qaeda fighters",http://www.pbs.org/wgbh/pages/frontline/kill-capture/
Fighting for Bin Laden,"May. 3, 2011",53:47,"Inside the secret war against Al Qaeda and the Taliban, plus a rare look at the men who say they fight for bin Laden",http://www.pbs.org/wgbh/pages/frontline/fighting-for-bin-laden/
The Silence,"Apr. 19, 2011",28:14,"In Alaska's isolated native villages, Catholic clergy abused little children for decades.",http://www.pbs.org/wgbh/pages/frontline/the-silence/
Football High,"Apr. 12, 2011",53:11,High school football has never had a higher profile ... but is winning worth the risks?,http://www.pbs.org/wgbh/pages/frontline/football-high/
Who's Afraid of Ai Weiwei?,"Mar. 29, 2011",17:58,China's first global art star is using his fame to push the boundaries of freedom in that country. But how far can he go?,http://www.pbs.org/wgbh/pages/frontline/ai-wei-wei/
Money and March Madness,"Mar. 29, 2011",21:24,"These days in big-time college sports, everyone's in the money. So why aren't the athletes?",http://www.pbs.org/wgbh/pages/frontline/money-and-march-madness/
The Private Life of Bradley Manning,"Mar. 29, 2011",10:07,A profile of the early years of the soldier now accused of leaking more than half a million classified U.S. government documents,http://www.pbs.org/wgbh/pages/frontline/wikileaks/bradley-manning/
Revolution in Cairo,"Feb. 22, 2011",49:48,"Inside the youth movement that ignited the uprising, and a hard look at the Muslim Brotherhood, a key player in Egypt's future.",http://www.pbs.org/wgbh/pages/frontline/revolution-in-cairo/
Post Mortem,"Feb. 1, 2011",49:48,Inside America's death investigation system. WARNING: Don't die in the wrong state.,http://www.pbs.org/wgbh/pages/frontline/post-mortem/
Flying Cheaper,"Jan. 18, 2011",19:43,Do you know who's fixing your plane? With carriers today outsourcing major repair work -- should we worry?,http://www.pbs.org/wgbh/pages/frontline/flying-cheaper/
Are We Safer?,"Jan. 18, 2011",19:43,Investigating the vast terrorist-industrial complex post 9/11 and its growing reach into the lives of ordinary Americans...,http://www.pbs.org/wgbh/pages/frontline/are-we-safer/
Battle for Haiti,"Jan. 11, 2011",55:06,Can Haiti be rebuilt without the rule of law? A powerful look at the violence threatening the country's stability ... and future.,http://www.pbs.org/wgbh/pages/frontline/battle-for-haiti/
Facing Death,"Nov. 23, 2010",54:00,"A powerful look at the reality of today's medicalized death. How far would you go to sustain a loved one's life, or your own?",http://www.pbs.org/wgbh/pages/frontline/facing-death/
The Confessions,"Nov. 9, 2010",55:06,An incredible saga that cracks open the system to reveal almost everything that goes wrong when innocent people get convicted.,http://www.pbs.org/wgbh/pages/frontline/the-confessions/
The Spill,"Oct. 26, 2010",54:08,"A riveting investigation into BP's history of accidents, deaths and safety violations that foreshadowed the disaster in the Gulf.",http://www.pbs.org/wgbh/pages/frontline/the-spill/
Death by Fire,"Oct. 19, 2010",54:06,Cameron Todd Willingham - executed for the arson murder of his three daughters. Could this case change the death penalty debate?,http://www.pbs.org/wgbh/pages/frontline/death-by-fire/
God in America,"Oct. 11, 2010",5:31:39,How has religious belief shaped American history?,http://www.pbs.org/godinamerica/view/
Law & Disorder,"Aug. 25, 2010",53:37,An on-air and online investigation into questionable police shootings by the New Orleans Police Department in the wake of Katrina.,http://www.pbs.org/wgbh/pages/frontline/law-disorder/
The Wounded Platoon,"May. 18, 2010",54:06,"The men of Third Platoon, Charlie Company: What happened to them in Iraq ... and what happened when they came home.",http://www.pbs.org/wgbh/pages/frontline/woundedplatoon/view/
"College, Inc.","May. 4, 2010",55:34,How Wall Street and a new breed of for-profit universities are transforming the way we think about college in America,http://www.pbs.org/wgbh/pages/frontline/collegeinc/view/
The Vaccine War,"Apr. 27, 2010",53:41,Examining the raging debate: risks v. benefits and parents' right to make choices about their child v. the needs of a community.,http://www.pbs.org/wgbh/pages/frontline/the-vaccine-war/
The Dancing Boys of Afghanistan,"Apr. 20, 2010",55:01,A startling investigation into an ancient practice that's once again flourishing: the organized sex trade in young Afghan boys.,http://www.pbs.org/wgbh/pages/frontline/dancingboys/view/
Obama's Deal,"Apr. 13, 2010",55:25,"It wasn't pretty, but it worked. Inside the backroom deals and hardball politics that finally got Obama his health care bill.",http://www.pbs.org/wgbh/pages/frontline/obamasdeal/view/
The Quake,"Mar. 30, 2010",53:37,"A powerful report on Haiti's tragedy, with never-before-seen footage. What can be done now -- and who will do it?",http://www.pbs.org/wgbh/pages/frontline/haiti/view/
The Suicide Tourist,"Mar. 2, 2010",56:40,A story about struggling to live ... and deciding when to die. Is this a choice everyone should have?,http://www.pbs.org/wgbh/pages/frontline/suicidetourist/view/
Behind Taliban Lines,"Feb. 23, 2010",56:44,An Afghan journalist's extraordinary 10 days living and filming with an insurgent cell allied with Al Qaeda.,http://www.pbs.org/wgbh/pages/frontline/talibanlines/view/
Flying Cheap,"Feb. 9, 2010",55:49,Is the aviation system being stretched beyond its capacity to deliver service that is both cheap and safe?,http://www.pbs.org/wgbh/pages/frontline/flyingcheap/view/
Digital Nation,"Feb. 2, 2010",1:26:05,Is our 24/7 wired world causing us to lose as much as we've gained?,http://www.pbs.org/wgbh/pages/frontline/digitalnation/view/
The Card Game,"Nov. 24, 2009",56:27,Investigating the massive consumer loan industry and what's ahead for banks and consumers...,http://www.pbs.org/wgbh/pages/frontline/creditcards/view/
A Death in Tehran,"Nov. 17, 2009",40:55,The life and death of the woman whose image remains a potent symbol for those who want to keep the Iranian reform movement alive.,http://www.pbs.org/wgbh/pages/frontline/tehranbureau/deathintehran/view/
Close to Home,"Oct. 27, 2009",1:26:05,Producer Ofra Bikel chronicles the recession's impact on one unlikely neighborhood--New York's Upper East Side...,http://www.pbs.org/wgbh/pages/frontline/closetohome/view/
The Warning,"Oct. 20, 2009",55:11,"Long before the economic meltdown, one woman tried to warn about the threat to the financial system...",http://www.pbs.org/wgbh/pages/frontline/warning/view/
Obama's War,"Oct. 13, 2009",55:30,"Can U.S. forces succeed in a land long known as the ""graveyard of empires""?",http://www.pbs.org/wgbh/pages/frontline/obamaswar/view/
Breaking the Bank,"Jun. 16, 2009",55:11,Inside the story of one of the most controversial moments of the U.S. financial crisis - and its dramatic ramifications...,http://www.pbs.org/wgbh/pages/frontline/breakingthebank/view/
The Madoff Affair,"May. 12, 2009",55:10,"Inside the world's first global Ponzi scheme, and how he got away with it for so long...",http://www.pbs.org/wgbh/pages/frontline/madoff/view/
The Released,"Apr. 28, 2009",56:42,A rare and intimate look at what happens to the mentally ill after they're released from prison. Why do they so often return?,http://www.pbs.org/wgbh/pages/frontline/released/view/
Poisoned Waters,"Apr. 21, 2009",54:52,Investigating the dangerous new wave of pollutants entering our waterways and drinking water - and who's responsible.,http://www.pbs.org/wgbh/pages/frontline/poisonedwaters/view/
Black Money,"Apr. 7, 2009",54:33,Lowell Bergman tracks a tale of international bribery that leads to some of the world's most powerful companies and governments.,http://www.pbs.org/wgbh/pages/frontline/blackmoney/view/
Sick Around America,"Mar. 31, 2009",55:09,FRONTLINE travels the country examining America's broken health care system and exploring the need for a fundamental overhaul.,http://www.pbs.org/wgbh/pages/frontline/sickaroundamerica/view/
Ten Trillion and Counting,"Mar. 24, 2009",54:07,"Tracing the politics behind America's huge mountain of debt, the threat it presents, and how we get out of it...",http://www.pbs.org/wgbh/pages/frontline/tentrillion/view/
Inside the Meltdown,"Feb. 17, 2009",56:23,"Investigating the dramatic story of how, in just six months, America's financial system unraveled....",http://www.pbs.org/wgbh/pages/frontline/meltdown/view/
"My Father, My Brother, and Me","Feb. 3, 2009",56:16,"Correspondent Dave Iverson's personal journey to understand Parkinson's, a disease which has taken such a toll on his family.",http://www.pbs.org/wgbh/pages/frontline/parkinsons/view/
Dreams of Obama,"Jan. 20, 2009",56:22,A rich personal and political biography of America's 44th president and what has brought him to this historic moment...,http://www.pbs.org/wgbh/pages/frontline/dreamsofobama/view/
The Old Man and the Storm,"Jan. 6, 2009",56:30,"The compelling saga of one family's efforts to rebuild their homes, and their lives, in post-Katrina New Orleans",http://www.pbs.org/wgbh/pages/frontline/katrina/view/
The Hugo Chávez Show,"Nov. 25, 2008",1:24:36,"He believes he is destined to change Venezuela and the whole of Latin America. Who is Hugo Chávez, and where is he headed?",http://www.pbs.org/wgbh/pages/frontline/hugochavez/view/
The War Briefing,"Oct. 28, 2008",55:55,"Can the war in Afghanistan be won? A hard, inside look at the real policy choices facing Barack Obama...",http://www.pbs.org/wgbh/pages/frontline/warbriefing/view/
HEAT,"Oct. 21, 2008",1:56:08,A far-reaching investigation into America's energy landscape and what can be done to save our planet - and what it will take.,http://www.pbs.org/wgbh/pages/frontline/heat/view/
The Choice 2008,"Oct. 14, 2008",1:55:38,The story of two unlikely presidential contenders and what they say about America.,http://www.pbs.org/wgbh/pages/frontline/choice2008/view/
Young & Restless In China,"Jun. 17, 2008",1:45:03,A remarkably intimate look into the lives of nine young Chinese coming of age in a society changing as fast as any in history.,http://www.pbs.org/wgbh/pages/frontline/youngchina/view/
Sick Around The World,"Apr. 15, 2008",56:28,"In the debate over health care, what might the U.S. learn from the successes and failures of five other capitalist democracies?",http://www.pbs.org/wgbh/pages/frontline/sickaroundtheworld/view/
Bad Voodoo's War,"Apr. 1, 2008",56:28,"FRONTLINE captures the realities of war through a ""virtual embed"" with a National Guard platoon serving in Iraq.",http://www.pbs.org/wgbh/pages/frontline/badvoodoo/
Bush's War,"Mar. 24, 2008",2:23:42,"The inside story of the war that will define a presidency - a war that no one expected, and no one planned for.",http://www.pbs.org/wgbh/pages/frontline/bushswar/view/
Rules of Engagement,"Feb. 19, 2008",56:34,"What happened that November day in Haditha, Iraq gets to the heart of the war U.S. troops are fighting.",http://www.pbs.org/wgbh/pages/frontline/haditha/view/
A Dangerous Business Revisited,"Feb. 5, 2008",56:43,"An updated report on the Pulitzer Prize-winning investigation by FRONTLINE, The New York Times and the CBC.",http://www.pbs.org/wgbh/pages/frontline/mcwane/
Growing Up Online,"Jan. 22, 2008",56:38,What does it mean to be part of the first generation coming of age in the Internet era?,http://www.pbs.org/wgbh/pages/frontline/kidsonline/view/
The Medicated Child,"Jan. 8, 2008",56:34,"Millions of U.S. children are taking psychiatric drugs, most never tested on kids. Good medicine - or an uncontrolled experiment?",http://www.pbs.org/wgbh/pages/frontline/medicatedchild/view/
On Our Watch,"Nov. 20, 2007",56:07,"The world community had promised over and over -""Never Again."" But then came Darfur, and those promises proved empty.",http://www.pbs.org/wgbh/pages/frontline/darfur/
The Undertaking,"Oct. 30, 2007",55:35,"A haunting portrait of the world of Lynch & Sons Funeral Directors, a family which has long cared for the dead - and the living.",http://www.pbs.org/wgbh/pages/frontline/undertaking/view/
Showdown With Iran,"Oct. 23, 2007",56:24,"The tumultuous U.S.-Iran history since 9/11 and today's dangerous face-off, from the perspectives of key U.S and Iranian players.",http://www.pbs.org/wgbh/pages/frontline/showdown/view/
Cheney's Law,"Oct. 16, 2007",56:17,Inside the bruising closed door battles within the Bush administration over the power of the presidency and the rule of law.,http://www.pbs.org/wgbh/pages/frontline/cheney/view/
Endgame,"Jun. 19, 2007",56:33,"From the day we got in, the plan was to get out as soon as possible. Four years later, we're still looking for an exit strategy.",http://www.pbs.org/wgbh/pages/frontline/endgame/view/
Spying on the Home Front,"May. 15, 2007",56:24,"In the war against terrorism, what's the trade-off Americans are confronting between security and privacy?",http://www.pbs.org/wgbh/pages/frontline/homefront/view/
When Kids Get Life,"May. 8, 2007",1:26:31,"When a child is convicted of murder, how unforgiving should society be?",http://www.pbs.org/wgbh/pages/frontline/whenkidsgetlife/view/
The Mormons,"Apr. 30, 2007",1:52:10,"An exploration into the epic story of one of the most powerful, feared and misunderstood religions in American history.",http://www.pbs.org/mormons/view/
Hot Politics,"Apr. 24, 2007",55:19,How bi-partisan political and economic forces prevented three U.S. administrations from taking bold action on global warming.,http://www.pbs.org/wgbh/pages/frontline/hotpolitics/view/
Gangs of Iraq,"Apr. 17, 2007",,"A hard, on-the-ground look at the reality the U.S. faces in trying to train Iraqi soldiers and police.",http://www.pbs.org/wgbh/pages/frontline/gangsofiraq/view/
News War,"Feb. 13, 2007",,Examining the role of the press in American society and the dramatic new challenges facing mainstream media in the 21st century.,http://www.pbs.org/wgbh/pages/frontline/newswar/view/
Living Old,"Nov. 21, 2006",56:27,A powerful and intimate look at the new realities of aging in America and the burgeoning 85+ population. Are we prepared?,http://www.pbs.org/wgbh/pages/frontline/livingold/view/
A Hidden Life,"Nov. 14, 2006",56:26,"Examining the outing of a mayor and the tangled story of politics, sexuality, fear, and judgment in one all-American city.",http://www.pbs.org/wgbh/pages/frontline/hiddenlife/view/
Return of the Taliban,"Oct. 3, 2006",56:24,"Investigating Pakistan's wild tribal areas, a breeding ground for jihadists and a potential new front in America's war on terror.",http://www.pbs.org/wgbh/pages/frontline/taliban/view/
The Dark Side,"Jun. 20, 2006",1:26:32,Investigating Vice President Cheney's role as chief architect in the war on terror and his internal war with George Tenet's CIA...,http://www.pbs.org/wgbh/pages/frontline/darkside/view/
The Age of AIDS,"May. 30, 2006",1:55:51,The extraordinary story of a virus's spread -- infecting over 70 million people -- and how the world has been unable to stop it.,http://www.pbs.org/wgbh/pages/frontline/aids/view/
Can You Afford to Retire?,"May. 16, 2006",56:24,"With vanishing pensions and faltering 401(k) plans, are middle class Americans facing a rough ride in their retirement years?",http://www.pbs.org/wgbh/pages/frontline/retirement/view/
The Tank Man,"Apr. 11, 2006",1:26:01,"17 years later, what does he mean for a China that today has become a global economic powerhouse?",http://www.pbs.org/wgbh/pages/frontline/tankman/view/
The Insurgency,"Feb. 21, 2006",56:20,"Face to face with insurgents in Iraq, FRONTLINE investigates who they are and why they fight.",http://www.pbs.org/wgbh/pages/frontline/insurgency/view/
The Meth Epidemic,"Feb. 14, 2006",53:35,"Why, and how, have we reached the point where the United States has 1.5 million meth users - and rising?",http://www.pbs.org/wgbh/pages/frontline/meth/
Country Boys,"Jan. 9, 2006",,"For everyone who remembers what it was like to be young, the story of two Appalachian teenagers becoming men...",http://www.pbs.org/wgbh/pages/frontline/countryboys/view/
The Storm,"Nov. 22, 2005",54:31,Examining the failures at every level of government in the Hurricane Katrina disaster. Could it happen again?,http://www.pbs.org/wgbh/pages/frontline/storm/view/
The Last Abortion Clinic,"Nov. 8, 2005",1:53:50,"State by state, laws regulating access to abortion are changing the face of abortion politics in America.",http://www.pbs.org/wgbh/pages/frontline/clinic/view/
The Torture Question,"Oct. 18, 2005",1:56:41,"How the post-9/11 ""get-tough"" policy of the U.S. government worked its way down to the cell blocks of Abu Ghraib.",http://www.pbs.org/wgbh/pages/frontline/torture/view/
The New Asylums,"May. 10, 2005",1:56:42,"A report on the new reality for the mentally ill: Nearly 500,000 are serving time in U.S. jails and prisons.",http://www.pbs.org/wgbh/pages/frontline/shows/asylums/view/
The Soldier's Heart,"Mar. 1, 2005",1:26:17,"Coming home from war, each brings his own stories of survival and battle. For many, their battle is still not over.",http://www.pbs.org/wgbh/pages/frontline/shows/heart/view/
Secret History of the Credit Card,"Nov. 23, 2004",53:35,The surprising history and clever tactics of an industry few Americans fully understand.,http://www.pbs.org/wgbh/pages/frontline/shows/credit/view/
Is Wal-Mart Good for America?,"Nov. 16, 2004",56:23,An eye-opening look at the power and influence of the world's largest company.,http://www.pbs.org/wgbh/pages/frontline/shows/walmart/view/
The Persuaders,"Nov. 9, 2004",1:24:49,An inside look at the multibillion-dollar business and science of selling us on what we want.,http://www.pbs.org/wgbh/pages/frontline/shows/persuaders/view/
The War Behind Closed Doors,"Feb. 20, 2003",56:30,The people and clashes that shaped the Bush Doctrine on how to deal with Saddam and the rest of the world.,http://www.pbs.org/wgbh/pages/frontline/shows/iraq/view/
The Man Who Knew,"Oct. 3, 2002",1:26:44,"John O'Neill, the FBI's expert on Al Qaeda warned of its threat. But his maverick style doomed his career.",http://www.pbs.org/wgbh/pages/frontline/shows/knew/view/
Faith and Doubt at Ground Zero,"Sep. 3, 2002",,One year after 9/11 how did America grapple with its biggest and most difficult questions?,http://www.pbs.org/wgbh/pages/frontline/shows/faith/view/
American Porn,"Feb. 7, 2002",55:39,"Pornography is a multibillion dollar business. In a wired world, can anything stop it?",http://www.pbs.org/wgbh/pages/frontline/shows/porn/view/
Inside the Teenage Brain,"Jan. 31, 2002",55:53,What's behind teens' seemingly inexplicable behavior? Surprising answers from new scientific studies.,http://www.pbs.org/wgbh/pages/frontline/shows/teenbrain/view/
Medicating Kids,"Apr. 10, 2001",56:44,What explains the surge in behavior-modifying drugs for children? How safe -- and necessary -- are they?,http://www.pbs.org/wgbh/pages/frontline/shows/medicating/watch/
The Merchants of Cool,"Feb. 27, 2001",55:32,A look at how America's giant media corporations skillfully court the teenage consumer.,http://www.pbs.org/wgbh/pages/frontline/shows/cool/view/
The Killer at Thurston High,"Jan. 18, 2000",56:34,The intimate story of a high school shooter and what led Kip Kinkel to kill his parents and then open fire on his classmates.,http://www.pbs.org/wgbh/pages/frontline/shows/kinkel/
The Long Walk of Nelson Mandela,"May. 25, 1999",1:51:33,FRONTLINE profiles the most widely known and revered political leader in the world -- Nelson Mandela.,http://www.pbs.org/wgbh/pages/frontline/shows/mandela/
From Jesus to Christ: The First Christians,"Apr. 6, 1998",1:50:44,"The story of the life of Jesus and the epic rise of Christianity. Said one critic: "" It's a revelation of what television can be.""",http://www.pbs.org/wgbh/pages/frontline/shows/religion/watch/
Shtetl,"Apr. 17, 1996",,A remarkable three-hour film tells the homecoming story of two elderly Polish-American Jews who return to their families' shtetl,http://www.pbs.org/wgbh/pages/frontline/shtetl/
The Long March of Newt Gingrich,"Jan. 16, 1996",53:29,"One year into the Republican revolution, FRONTLINE presents an investigative biography of House Speaker Newt Gingrich.",http://www.pbs.org/wgbh/pages/frontline/newt/view/
Memory of the Camps,"May. 7, 1985",57:38,"No one who has seen this documentary can ever forget it . One critic said it has the power ""to shake the soul.""",http://www.pbs.org/wgbh/pages/frontline/camp/view/
A Class Divided,"Mar. 26, 1985",55:17,One of the most requested programs in FRONTLINE's history - the story of a teacher's daring lesson in discrimination.,http://www.pbs.org/wgbh/pages/frontline/shows/divided/etc/view.html